{"cameraMode":{"drawMode":0,"name":"Shaded","section":"Shading Mode"},"sceneLighting":false,"audioPlay":false,"sceneViewState":{"m_AlwaysRefresh":false,"showFog":true,"showSkybox":false,"showFlares":true,"showImageEffects":true,"showParticleSystems":true,"showVisualEffectGraphs":true,"m_FxEnabled":true},"in2DMode":false,"pivot":{"x":-0.003473609685897827,"y":0.5199999809265137,"z":0.7868061065673828},"rotation":{"x":0.6592597365379334,"y":-0.05062844976782799,"z":0.044577911496162418,"w":0.7489263415336609},"size":2.174856424331665,"orthographic":false}