{"cameraMode":{"drawMode":0,"name":"Shaded","section":"Shading Mode"},"sceneLighting":false,"audioPlay":false,"sceneViewState":{"m_AlwaysRefresh":false,"showFog":true,"showSkybox":false,"showFlares":true,"showImageEffects":true,"showParticleSystems":true,"showVisualEffectGraphs":true,"m_FxEnabled":true},"in2DMode":false,"pivot":{"x":-0.04999999701976776,"y":0.8600000143051148,"z":-0.10449385643005371},"rotation":{"x":0.3744995594024658,"y":0.3561864495277405,"z":-0.15855197608470918,"w":0.8412942886352539},"size":0.6776230335235596,"orthographic":false}