{"cameraMode":{"drawMode":0,"name":"Shaded","section":"Shading Mode"},"sceneLighting":false,"audioPlay":false,"sceneViewState":{"m_AlwaysRefresh":false,"showFog":true,"showSkybox":false,"showFlares":true,"showImageEffects":true,"showParticleSystems":true,"showVisualEffectGraphs":true,"m_FxEnabled":true},"in2DMode":false,"pivot":{"x":732.8095092773438,"y":122.31268310546875,"z":144.8453369140625},"rotation":{"x":0.5857288837432861,"y":-0.008513239212334156,"z":0.0061532603576779369,"w":0.8104546070098877},"size":1.6760038137435914,"orthographic":true}