{"cameraMode":{"drawMode":0,"name":"Shaded","section":"Shading Mode"},"sceneLighting":false,"audioPlay":false,"sceneViewState":{"m_AlwaysRefresh":false,"showFog":true,"showSkybox":false,"showFlares":true,"showImageEffects":true,"showParticleSystems":true,"showVisualEffectGraphs":true,"m_FxEnabled":true},"in2DMode":false,"pivot":{"x":-2.4618663787841799,"y":-0.36338233947753909,"z":1.4747424125671387},"rotation":{"x":0.5857288837432861,"y":-0.008513239212334156,"z":0.0061532603576779369,"w":0.8104546070098877},"size":0.8660253882408142,"orthographic":true}